index,chemicalFormula Clean,Band gap values Clean,Band gap units,Band gap method,Reliability
0,Li1F1,13.6,eV,Reflection,1
1,Li1F1,12.61,eV,Reflection,1
2,Li1F1,12.6,eV,Estimated,2
3,Li1F1,12.1,eV,Absorption,2
4,Li1F1,12.0,eV,Absorption,2
5,Li1F1,11.7,eV,Absorption,2
6,Li1Cl1,9.33,eV,Reflection,1
7,Li1Br1,7.95,eV,Absorption,1
8,Li1Br1,7.5,eV,Reflection,2
9,Li3Sb1,1.0,eV,Thermal activation,1
10,Li1I1,6.0,eV,Reflection,1
11,Li1I1,6.0,eV,Estimated,2
12,Li1I1,5.62,eV,Absorption,2
13,Li1I1,5.9,eV,Absorption,2
14,Li1I1,6.3,eV,Estimated,2
15,Li3Bi1,0.7,eV,Thermal activation,1
16,Be1O1,10.39,eV,Reflection,1
17,Be1O1,10.57,eV,Reflection,1
18,Be1O1,11.2,eV,Reflection,2
19,Be1O1,11.6,eV,,2
20,Be1O1,14.5,eV,,2
21,Be1O1,5.2,eV,Thermal activation,2
22,Be1S1,4.17,eV,SCOPW,1
23,Be1Se1,3.61,eV,SCOPW,1
24,Be3Sb2,0.67,eV,Thermal activation,1
25,Be1Te1,2.89,eV,SCOPW,1
26,B1,0.93,eV,Absorption,1
27,B1,1.47,eV,Absorption,2
28,B1,1.53,eV,Absorption,2
29,B1,0.74,eV,Absorption,2
30,B1,1.16,eV,Photoconduction,2
31,B1,1.27,eV,Thermal activation,2
32,B1,1.38,eV,Absorption,2
33,B1,1.41,eV,Photoconduction,2
34,B1,1.42,eV,Thermal activation,2
35,B1,1.44,eV,Photoconduction,2
36,B1,1.55,eV,Thermal activation,2
37,B1N1,8.0,eV,APW,1
38,B1N1,3.4,eV,,2
39,B1N1,3.8,eV,Absorption,2
40,B2O3,7.0,eV,,1
41,B2O3,4.9,eV,,2
42,B1P1,2.0,eV,Absorption,1
43,B1P1,2.0,eV,,2
44,B1P1,2.0,eV,Absorption,2
45,B1P1,5.9,eV,,2
46,B1P1,4.5,eV,,2
47,B1As1,1.46,eV,Absorption,1
48,B1As1,1.6,eV,SCOPW,2
49,B1As1,3.56,eV,SCOPW,2
51,B1Sb1,2.6,eV,,1
52,C,5.47,eV,Absorption,1
53,C,7.02,eV,Reflection,1
54,C,5.412999999999999,eV,Photoconduction,2
55,C,5.492999999999999,eV,Photoconduction,2
56,C,5.502999999999999,eV,Photoconduction,2
57,C,5.542000000000001,eV,Photoconduction,2
58,C,5.41,eV,Absorption,2
59,C,6.0,eV,,2
60,C1Br4,3.7,eV,Absorption,1
61,C1I4,2.26,eV,Absorption,1
63,Na1F1,10.5,eV,,1
64,Na2S1,2.4,eV,Estimated,1
65,Na1Cl1,8.97,eV,Absorption,1
66,Na1Cl1,8.5,eV,Reflection,2
67,Na1Cl1,8.6,eV,Reflection,2
68,Na1Cl1,8.97,eV,Reflection,2
69,Na1Cl1,8.4,eV,Absorption,2
70,Na1Cl1,8.6,eV,Absorption,2
71,Na2Se1,2.0,eV,Estimated,1
72,Na1Br1,7.5,eV,Absorption,1
73,Na1Br1,7.26,eV,Reflection,2
74,Na1Br1,7.025,eV,Reflection,2
75,Na1Br1,7.7,eV,Absorption,2
76,Na3Sb1,1.1,eV,Absorption,1
77,Na3Sb1,1.1,eV,Absorption,2
78,Na3Sb1,1.1,eV,Photoconduction,2
79,Na3Sb1,1.17,eV,Thermal activation,2
80,Na3Sb1,1.0,eV,Photoconduction,2
81,Na3Sb1,2.2,eV,Absorption,2
82,Na2Te1,2.3,eV,Thermal activation,1
83,Na2Te1,2.0,eV,Estimated,2
84,Na1I1,5.89,eV,Reflection,1
85,Na1I1,6.0,eV,Absorption,2
86,Na1I1,5.93,eV,Reflection,2
87,Na1I1,5.8,eV,Absorption,2
88,Na1I1,6.75,eV,Absorption,2
89,Mg1O1,7.77,eV,Reflection,1
90,Mg1O1,7.69,eV,Reflection,2
91,Mg1O1,7.4,eV,Absorption,2
92,Mg1F2,11.8,eV,Reflection,1
93,Mg1F2,11.1,eV,Absorption,2
94,Mg1F2,10.8,eV,Absorption,2
95,Mg1F2,5.65,eV,Thermal activation,2
97,Mg2Si1,0.6,eV,Estimated,1
98,Mg2Si1,2.27,eV,Electroreflection,1
99,Mg2Si1,0.77,eV,Thermal activation,2
100,Mg2Si1,0.78,eV,,2
101,Mg2Si1,0.655,eV,Photoconduction,2
102,Mg2Si1,2.17,eV,Reflection,2
103,Mg2Si1,0.66,eV,Absorption,2
104,Mg2Si1,2.27,eV,Electroreflection,2
105,Mg3P2,1.4,eV,Estimated,1
107,Mg2Ge1,0.532,eV,Absorption,1
108,Mg2Ge1,1.64,eV,Electroreflection,1
109,Mg2Ge1,0.69,eV,Thermal activation,2
110,Mg2Ge1,0.57,eV,Absorption,2
111,Mg2Ge1,1.804,eV,,2
112,Mg2Ge1,0.66,eV,Photoconduction,2
113,Mg2Ge1,0.5670000000000001,eV,Absorption,2
114,Mg2Ge1,0.57,eV,,2
115,Mg2Ge1,1.67,eV,Reflection,2
116,Mg2Ge1,1.78,eV,,2
117,Mg2Ge1,0.63,eV,Photoconduction,2
118,Mg2Ge1,0.54,eV,,2
119,Mg2Ge1,1.7369999999999999,eV,,2
120,Mg2Ge1,0.5479999999999999,eV,Absorption,2
121,Mg2Ge1,1.64,eV,Electroreflection,2
122,Mg2Ge1,0.74,eV,Thermal activation,2
123,Mg3As2,2.55,eV,Thermal activation,1
124,Mg3As2,1.0,eV,Estimated,2
125,Mg1Se1,5.6,eV,Absorption,1
126,Mg1Se1,5.63,eV,Absorption,2
127,Mg1Se1,5.6,eV,,2
128,Mg2Sn1,0.135,eV,Absorption,1
129,Mg2Sn1,0.18,eV,Reflection,1
130,Mg2Sn1,0.185,eV,Absorption,2
131,Mg2Sn1,0.23,eV,Absorption,2
132,Mg2Sn1,0.34,eV,,2
133,Mg2Sn1,0.36,eV,Thermal activation,2
134,Mg2Sn1,0.33,eV,Absorption,2
135,Mg2Sn1,0.31,eV,Absorption,2
136,Mg2Sn1,0.22,eV,Absorption,2
137,Mg3Sb2,0.82,eV,,1
138,Mg3Sb2,0.8,eV,,2
139,Mg1Te1,4.7,eV,,1
140,Mg1Te1,3.6,eV,Absorption,2
141,Mg2Pb1,0.040999999999999995,eV,Thermal activation,1
142,Mg2Pb1,0.1,eV,Thermal activation,2
143,Mg2Pb1,0.1,eV,Estimated,2
144,Mg3Bi2,0.1,eV,Estimated,1
145,Mg3Bi2,0.1,eV,Thermal activation,2
146,Al1B1,0.82,eV,Thermal activation,1
147,Al1B1,0.5,eV,Thermal activation,2
148,Al1B1,0.74,eV,Thermal activation,2
149,Al1N1,5.74,eV,Absorption,1
150,Al1N1,5.88,eV,Absorption,2
151,Al1N1,5.9,eV,Absorption,2
152,Al1N1,5.9,eV,Absorption,2
153,Al2O3,9.5,eV,Absorption,1
154,Al2O3,9.9,eV,Absorption,1
155,Al2O3,8.7,eV,Absorption,2
156,Al2O3,8.56,eV,,2
157,Al2O3,7.0,eV,Photoconduction,2
158,Al2O3,7.3,eV,Thermal activation,2
159,Al1P1,2.45,eV,Absorption,1
160,Al1P1,2.51,eV,Absorption,2
161,Al1P1,2.42,eV,,2
162,Al1P1,2.65,eV,Estimated,2
163,Al2S3,4.1,eV,Absorption,1
164,Al1As1,2.1,eV,,1
165,Al1As1,2.9,eV,,1
166,Al1As1,2.25,eV,,2
167,Al1As1,2.228,eV,Absorption,2
168,Al1As1,2.2230000000000003,eV,Absorption,2
169,Al1As1,2.205,eV,Absorption,2
170,Al1As1,2.13,eV,,2
171,Al1As1,2.16,eV,Absorption,2
172,Al1As1,2.2,eV,Absorption,2
173,Al1As1,3.5,eV,,2
174,Al1As1,2.233,eV,Absorption,2
175,Al1As1,2.215,eV,Absorption,2
176,Al2Se3,3.1,eV,Absorption,1
177,Al1Sb1,1.62,eV,Reflection,1
178,Al1Sb1,2.218,eV,Reflection,1
179,Al1Sb1,1.62,eV,Reflection,2
180,Al1Sb1,1.6,eV,,2
181,Al2Te3,2.5,eV,Absorption,1
182,Al2Te3,2.5,eV,Thermal activation,2
183,Al2Te3,2.2,eV,Thermal activation,2
184,Al1Bi1,0.4,eV,Estimated,1
185,Si1C1,2.2,eV,Absorption,1
186,Si1C1,2.86,eV,Absorption,1
187,Si1C1,2.39,eV,Absorption,2
188,Si1C1,2.6,eV,Absorption,2
189,Si1C1,2.86,eV,Absorption,2
190,Si1C1,3.33,eV,Absorption,2
191,Si1C1,4.4,eV,Estimated,2
192,Si3N4,5.0,eV,,1
193,Si3N4,5.1,eV,Absorption,2
194,Si3N4,4.5,eV,Absorption,2
195,Si1O2,11.0,eV,Reflection,1
196,Si1O2,10.4,eV,Reflection,2
197,Si1O2,8.0,eV,Absorption,2
198,Si1O2,8.4,eV,Absorption,2
199,Si,1.12,eV,Absorption,1
200,Si,1.166,eV,,2
201,Si,1.17,eV,Absorption,2
202,Si,1.165,eV,Absorption,2
203,Si,1.16,eV,Absorption,2
204,Si,1.16,eV,Absorption,2
205,Si,1.12,eV,Absorption,2
206,Si1P2,1.89,eV,Absorption,1
207,Si1As1,1.45,eV,Absorption,1
208,Si1As1,1.48,eV,Absorption,2
209,Si1As1,1.57,eV,Absorption,2
210,Si1As1,2.2,eV,Absorption,2
211,Si1Se2,1.72,eV,Absorption,1
212,Si1Se2,1.74,eV,Absorption,2
213,Si1Sn1,0.59,eV,,1
214,Si2Te3,1.98,eV,Absorption,1
215,Si1Te2,1.85,eV,Absorption,1
216,Si1Te2,2.18,eV,Absorption,1
217,Si2Te3,2.0,eV,Absorption,2
218,P,0.33,eV,Reflection,1
219,P,1.6,eV,Reflection,1
220,P,1.4,eV,Absorption,2
221,P,0.35,eV,Thermal activation,2
222,P1As1,0.23,eV,Thermal activation,1
223,S,3.82,eV,Photoconduction,1
224,S,4.2,eV,Reflection,2
225,S,3.82,eV,Photoconduction,2
226,K1F1,10.9,eV,Reflection,1
227,K1F1,10.9,eV,Absorption,2
228,K1F1,9.61,eV,Reflection,2
229,K1F1,10.3,eV,Reflection,1
230,K2S1,2.1,eV,Estimated,1
231,K1Cl1,8.5,eV,Absorption,1
232,K1Cl1,8.9,eV,Photoconduction,2
233,K1Cl1,7.8,eV,Reflection,2
234,K1Cl1,8.69,eV,Reflection,2
235,K1Cl1,7.68,eV,Reflection,2
236,K2Se1,1.8,eV,Estimated,1
237,K1Br1,7.6,eV,Absorption,1
238,K1Br1,8.0,eV,Photoconduction,2
239,K1Br1,7.3,eV,Absorption,2
240,K1Br1,6.75,eV,Reflection,2
241,K1Br1,7.215,eV,Reflection,2
242,K1Br1,7.76,eV,Absorption,2
243,K1Br1,6.58,eV,Reflection,2
244,K1Br1,7.13,eV,Reflection,2
245,K3Sb1,1.8,eV,Absorption,1
246,K3Sb1,1.0,eV,Thermal activation,1
247,K3Sb1,1.4,eV,Absorption,1
248,K3Sb1,1.1,eV,Photoconduction,2
249,K3Sb1,1.1,eV,Absorption,2
250,K3Sb1,1.1,eV,Absorption,2
251,K2Te1,1.9,eV,Estimated,1
252,K1I1,6.17,eV,Reflection,1
253,K1I1,6.31,eV,Absorption,2
254,K1I1,6.25,eV,Reflection,2
255,K1I1,6.375,eV,Reflection,2
256,K1I1,6.08,eV,Absorption,2
257,K1I1,6.2,eV,Absorption,2
258,K1I1,6.2,eV,Absorption,2
259,K1I1,5.61,eV,Reflection,2
260,K1I1,5.92,eV,Absorption,2
261,K1I1,6.28,eV,Absorption,2
262,Ca1B6,4.5,eV,Reflection,1
263,Ca1B6,4.4,eV,,2
264,Ca1B6,3.3,eV,Reflection,2
265,Ca1O1,7.7,eV,Estimated,1
266,Ca1O1,6.1,eV,Absorption,2
267,Ca1O1,7.0,eV,Absorption,2
268,Ca1O1,7.03,eV,Reflection,2
269,Ca1O1,7.5,eV,Estimated,2
270,Ca1F2,10.0,eV,Absorption,1
271,Ca2Si1,1.9,eV,,1
272,Ca1S1,6.0,eV,Absorption,1
273,Ca1S1,5.38,eV,Absorption,2
274,Ca1Se1,4.87,eV,Absorption,1
275,Ca2Sn1,0.9,eV,Thermal activation,1
276,Ca1Te1,4.07,eV,Absorption,1
277,Ca1I2,5.98,eV,Absorption,1
278,Ca2Pb1,0.46,eV,Thermal activation,1
279,Sc1N1,2.6,eV,,1
280,Sc2O3,6.0,eV,Absorption,1
281,Sc2O3,6.2,eV,Absorption,2
282,Sc2O3,5.4,eV,Reflection,2
283,Sc2O3,1.7,eV,Thermal activation,2
284,Sc2S3,2.0,eV,Thermal activation,1
285,Ti1C0.9,0.3,eV,Magnetoreflection,1
286,Ti2O3,0.04,eV,,1
287,Ti1O2,3.0,eV,Electroreflection,1
288,Ti1O2,3.3,eV,Electroreflection,1
289,Ti2O3,0.02,eV,,2
290,Ti2O3,0.05,eV,Thermal activation,2
291,Ti1O2,3.05,eV,Photoconduction,2
292,Ti1O2,3.5,eV,Electroreflection,2
293,Ti1O2,3.75,eV,Absorption,2
294,Ti1O2,2.9,eV,Absorption,2
295,Ti1S2,1.24,eV,Estimated,1
296,Ti2S3,0.3,eV,Thermal activation,1
297,Ti1S3,0.9,eV,Absorption,1
298,Ti1S2,1.95,eV,Reflection,2
299,Ti1Se2,0.69,eV,Estimated,1
300,Ti1Se2,1.55,eV,Reflection,2
301,Ti1Te2,1.0,eV,Reflection,1
302,V1O1,0.3,eV,,1
303,V2O3,0.1,eV,Absorption,1
304,V2O5,2.34,eV,Absorption,1
305,V1O2,0.65,eV,Absorption,1
306,V2O4,0.66,eV,Absorption,1
307,V5O9,0.15,eV,Thermal activation,1
308,V4O7,0.8,eV,Thermal activation,1
309,V2O5,2.49,eV,Absorption,2
310,V2O5,2.54,eV,Absorption,2
311,V2O5,2.3,eV,Absorption,2
312,V2O5,2.36,eV,Absorption,2
313,V1O2,0.4,eV,Absorption,2
314,V2O5,2.32,eV,Absorption,2
315,V1O2,0.12,eV,,2
316,V2O5,1.95,eV,Thermal activation,2
317,Cr2O3,1.68,eV,Thermal activation,1
318,Cr1O2,0.23,eV,Absorption,1
319,Cr2O3,1.59,eV,Thermal activation,2
320,Cr2O3,1.0,eV,,2
321,Cr2O3,1.62,eV,Reflection,2
322,Cr1Si2,0.35,eV,Thermal activation,1
323,Cr2S3,0.9,eV,Thermal activation,1
324,Cr3Se4,0.015,eV,Thermal activation,1
325,Cr2Se3,0.025,eV,Thermal activation,1
326,Cr3Se4,0.015,eV,Thermal activation,2
327,Cr2Se3,0.15,eV,Thermal activation,2
328,Cr1Sb1,0.2,eV,Thermal activation,1
329,CrTe,0.02,eV,Thermal activation,1
330,Mn1O2,0.26,eV,Thermal activation,1
331,Mn1O1,3.7,eV,Absorption,1
332,Mn1O1,1.84,eV,Thermal activation,2
333,Mn1O1,2.6,eV,Thermal activation,2
334,Mn1O2,0.28,eV,Thermal activation,2
335,Mn1O2,0.7,eV,Thermal activation,2
336,Mn1O1,2.2,eV,Thermal activation,2
337,Mn1F2,9.9,eV,Absorption,1
338,Mn1F2,10.2,eV,Absorption,1
339,Mn1F2,10.24,eV,Absorption,2
340,Mn1Al3,0.58,eV,Thermal activation,1
341,MnSi,0.6,eV,Thermal activation,1
342,MnSi,0.8,eV,,2
343,Mn1S1,6.2,eV,Reflection,1
344,Mn1S1,6.0,eV,Reflection,2
345,Mn1Se2,0.2,eV,Thermal activation,1
346,Mn1Se1,1.8,eV,Reflection,1
347,Mn1Te1,1.25,eV,Reflection,1
348,Mn1Te2,0.48,eV,Thermal activation,1
349,Mn1Te1,1.35,eV,Reflection,2
350,Mn1Te9,2.0,eV,Thermal activation,2
351,Mn1I2,4.04,eV,Absorption,1
352,Mn1I2,4.4,eV,Absorption,2
353,Fe2O3,2.34,eV,Thermal activation,1
354,Fe2O3,1.06,eV,Thermal activation,2
355,Fe2O3,2.2,eV,Reflection,2
356,Fe1Si2,0.9,eV,,1
357,Fe1Si1,0.1,eV,Thermal activation,1
358,Fe1Si2,0.85,eV,,2
359,Fe1Si2,0.88,eV,,2
360,Fe1P2,0.4,eV,Thermal activation,1
361,Fe1S2,1.2,eV,Thermal activation,1
362,Fe1As2,0.2,eV,Thermal activation,1
363,Fe1As2,0.2,eV,Thermal activation,2
364,Fe1Sc2,0.77,eV,Thermal activation,1
365,Fe1Se2,0.5,eV,Thermal activation,2
366,Fe1Sb2,0.17,eV,Thermal activation,1
367,Fe1Sb2,0.05,eV,Thermal activation,2
368,Fe2Te3,0.6,eV,Absorption,1
369,Fe1Te2,0.46,eV,Thermal activation,1
370,Fe2Te3,0.34,eV,,2
371,Fe1I2,5.15,eV,Absorption,1
372,Co1O1,0.47,eV,Thermal activation,1
373,Co1O1,0.73,eV,Thermal activation,2
374,Co1O1,0.125,eV,Thermal activation,2
377,Co1Si1,0.045,eV,,1
378,Co1As2,0.15,eV,Thermal activation,1
379,Co1As3,0.25,eV,Thermal activation,1
380,Co1Te1.88,0.2,eV,Absorption,1
381,Ni1O1,3.7,eV,Electroreflection,1
382,Ni1O1,0.92,eV,Thermal activation,2
383,Ni1O1,4.0,eV,Reflection,2
384,Ni1O1,3.7,eV,Thermal activation,2
385,Ni1P2,0.5,eV,Thermal activation,1
386,Ni1S1,0.12,eV,Thermal activation,1
387,Ni1S2,0.5,eV,Thermal activation,1
388,Ni1S1,0.01,eV,Thermal activation,2
389,Ni1As2,0.05,eV,,1
390,NiTe,0.23,eV,Thermal activation,1
391,Cu1N3,4.17,eV,Absorption,1
392,Cu1N3,4.96,eV,Absorption,2
393,Cu2O1,2.023,eV,Electroreflection,1
394,Cu2O1,2.17,eV,Reflection,2
395,Cu2O1,2.58,eV,Reflection,2
396,Cu2O1,2.59,eV,Electroreflection,2
397,Cu2O1,2.02,eV,Reflection,2
398,Cu2O1,2.02,eV,Reflection,2
399,Cu2O1,2.67,eV,Reflection,2
400,Cu1P2,1.4,eV,Absorption,1
401,Cu1P2,1.51,eV,Absorption,2
402,Cu2S1,1.21,eV,Reflection,1
403,Cu2S1,1.93,eV,Reflection,2
404,Cu2S1,1.7,eV,Absorption,2
405,Cu2S1,1.8,eV,Thermal activation,2
406,Cu2S1,1.84,eV,Photoconduction,2
407,Cu2S1,1.93,eV,Reflection,2
408,Cu2S1,1.26,eV,Reflection,2
409,Cu2S1,1.05,eV,Absorption,2
410,Cu1Cl1,3.306,eV,Absorption,1
411,Cu2Se1,1.23,eV,Reflection,1
412,Cu2Se1,1.23,eV,Reflection,2
413,Cu2Se1,1.29,eV,Photoconduction,2
414,Cu2Se1,1.3,eV,Absorption,2
415,Cu1Br1,2.987,eV,Absorption,1
416,Cu1Br1,3.02,eV,Photoconduction,2
417,Cu2Te1,1.08,eV,Absorption,1
418,Cu2Te1,1.15,eV,Absorption,2
419,Cu2Te1,1.02,eV,Photoconduction,2
420,Cu2Te1,1.04,eV,Reflection,2
421,Cu2Te1,1.04,eV,Reflection,2
422,Cu1I1,3.07,eV,Estimated,1
423,Cu1I1,3.0469999999999997,eV,Absorption,2
424,Zn1O1,3.35,eV,Reflection,1
425,Zn1O1,3.435,eV,Reflection,2
426,Zn1O1,3.26,eV,,2
427,Zn1O1,3.31,eV,Electroreflection,2
428,Zn1O1,3.418,eV,Reflection,2
429,Zn1P2,1.65,eV,,1
430,Zn1P2,1.85,eV,,1
431,Zn1P2,2.18,eV,,1
432,Zn3P2,1.15,eV,Reflection,1
433,Zn1P2,2.03,eV,Absorption,1
434,Zn1S1,3.87,eV,Reflection,1
435,Zn1S1,3.68,eV,Absorption,2
436,Zn1S1,3.69,eV,Absorption,2
437,Zn1S1,3.7039999999999997,eV,Absorption,2
438,Zn1S1,3.73,eV,Absorption,2
439,Zn1S1,3.88,eV,Reflection,2
440,Zn1S1,3.82,eV,,2
441,Zn1As2,0.9,eV,Absorption,1
442,Zn3As2,0.93,eV,Absorption,1
443,Zn3As2,0.86,eV,,2
444,Zn1As2,0.93,eV,Absorption,2
445,Zn3As2,0.51,eV,Absorption,2
446,Zn1As2,1.3,eV,,2
447,Zn1Se1,2.67,eV,Reflection,1
448,Zn1Se1,2.8739999999999997,eV,Absorption,2
449,Zn1Se1,2.81,eV,Reflection,2
450,Zn1Se1,2.68,eV,,2
451,Zn1Se1,2.795,eV,Photoconduction,2
452,Zn1Se1,2.76,eV,,2
453,Zn1Sb1,0.5,eV,Absorption,1
454,Zn1Sb1,0.99,eV,Absorption,1
455,Zn3Sb2,0.22,eV,Absorption,1
456,Zn4Sb3,1.2,eV,Absorption,1
457,Zn1Sb1,0.508,eV,Absorption,2
458,Zn1Sb1,0.603,eV,Absorption,2
459,Zn1Sb1,0.606,eV,Absorption,2
460,Zn1Sb1,0.61,eV,Absorption,2
461,Zn1Sb1,0.61,eV,Absorption,2
462,Zn1Sb1,1.05,eV,Absorption,2
463,Zn1Sb1,1.09,eV,Absorption,2
464,Zn1Sb1,1.11,eV,Absorption,2
465,Zn1Sb1,0.59,eV,Absorption,2
466,Zn1Sb1,0.59,eV,Absorption,2
467,Zn1Sb1,0.53,eV,Absorption,2
468,Zn1Sb1,0.48,eV,Absorption,2
469,Zn1Sb1,0.514,eV,Absorption,2
470,Zn3Sb2,0.2,eV,Thermal activation,2
471,Zn1Sb1,0.5,eV,Absorption,2
472,Zn1Te1,2.25,eV,Absorption,1
473,Zn1Te1,2.385,eV,Absorption,2
474,Zn1Te1,2.29,eV,Reflection,2
475,Zn1Te1,2.35,eV,Reflection,2
476,Zn1Te1,2.372,eV,,2
477,Zn1Te1,2.37,eV,Absorption,2
478,Zn1Te1,2.34,eV,,2
479,Zn1Te1,2.281,eV,,2
480,Zn1Te1,2.176,eV,Reflection,2
481,Zn1Te1,2.23,eV,Absorption,2
482,Zn1Te1,2.255,eV,Reflection,2
483,Zn1Te1,2.35,eV,Reflection,2
484,Zn1Te1,2.29,eV,,2
485,Zn1I2,4.53,eV,Absorption,1
486,Ga1N1,3.24,eV,Absorption,1
487,Ga1N1,3.25,eV,Absorption,2
488,Ga1N1,3.39,eV,Absorption,2
489,Ga1N1,3.8,eV,Reflection,2
490,Ga2O3,4.54,eV,Absorption,1
491,Ga2O3,4.4,eV,Absorption,2
492,Ga1P1,2.22,eV,Absorption,1
493,Ga1P1,2.78,eV,Absorption,1
494,Ga1P1,2.235,eV,Absorption,2
495,Ga1P1,2.895,eV,Photoconduction,2
496,Ga1P1,2.78,eV,Absorption,2
497,Ga1P1,2.2230000000000003,eV,Absorption,2
498,Ga1P1,2.75,eV,Electroreflection,2
499,Ga1S1,2.5,eV,Absorption,1
500,Ga2S3,3.59,eV,,1
501,Ga1S1,2.591,eV,Absorption,2
502,Ga1S1,2.62,eV,Absorption,2
503,Ga1S1,2.7,eV,,2
504,Ga1S1,2.58,eV,Absorption,2
505,Ga1S1,2.38,eV,Photoconduction,2
506,Ga1S1,2.5,eV,Reflection,2
507,Ga1S1,2.52,eV,Absorption,2
508,Ga1S1,2.53,eV,Absorption,2
509,Ga1S1,2.84,eV,,2
510,Ga2S3,2.85,eV,Absorption,2
511,Ga1As1,1.42,eV,Reflection,1
512,Ga1As1,1.46,eV,,2
513,Ga1As1,1.521,eV,Absorption,2
514,Ga1As1,1.518,eV,Absorption,2
515,Ga1As1,1.507,eV,,2
516,Ga1As1,1.51,eV,Absorption,2
517,Ga1As1,1.511,eV,Absorption,2
518,Ga1As1,1.479,eV,Absorption,2
519,Ga1As1,1.43,eV,Absorption,2
520,Ga1As1,1.37,eV,Absorption,2
521,Ga1As1,1.62,eV,Absorption,2
522,Ga1As1,1.35,eV,Absorption,2
523,Ga1As1,1.253,eV,Absorption,2
524,Ga1As1,1.147,eV,Absorption,2
525,Ga1As1,1.09,eV,Absorption,2
526,Ga1As1,1.33,eV,,2
527,Ga1As1,1.435,eV,Absorption,2
528,Ga1Se1,1.98,eV,Absorption,1
529,Ga1Se1,2.12,eV,Absorption,1
530,Ga2Se3,2.05,eV,Absorption,1
531,Ga1Se1,2.2,eV,,2
532,Ga1Se1,2.1319999999999997,eV,Magnetoabsorption,2
533,Ga1Se1,2.065,eV,Absorption,2
534,Ga1Se1,2.07,eV,,2
535,Ga1Se1,2.109,eV,Electroreflection,2
536,Ga1Se1,2.117,eV,Absorption,2
537,Ga1Se1,2.12,eV,Absorption,2
538,Ga1Se1,2.169,eV,Absorption,2
539,Ga1Se1,1.93,eV,Photoconduction,2
540,Ga1Se1,1.97,eV,Absorption,2
541,Ga1Se1,1.97,eV,Absorption,2
542,Ga1Se1,2.01,eV,Thermal activation,2
543,Ga1Se1,2.1,eV,Reflection,2
544,Ga2Se3,2.3,eV,,2
545,Ga2Se3,1.86,eV,Thermal activation,2
546,Ga1Sb1,0.725,eV,Absorption,1
547,Ga1Sb1,0.773,eV,,2
548,Ga1Sb1,0.812,eV,Absorption,2
549,Ga1Sb1,0.813,eV,Absorption,2
550,Ga1Sb1,0.725,eV,Absorption,2
551,Ga1Sb1,0.81,eV,,2
552,Ga1Te1,1.42,eV,Absorption,1
553,Ga2Te3,1.13,eV,Reflection,1
554,Ga2Te3,1.32,eV,Reflection,1
555,Ga2Te3,1.08,eV,Absorption,2
556,Ga1Te1,1.52,eV,,2
557,Ga1Te1,1.74,eV,,2
558,Ga1Te1,1.74,eV,Reflection,2
559,Ga2Te3,1.33,eV,Absorption,2
560,Ga2Te3,1.5,eV,Thermal activation,2
561,Ga1Te1,1.5,eV,Photoconduction,2
562,Ga1Te1,1.63,eV,Reflection,2
563,Ga1Te1,1.67,eV,Absorption,2
564,Ga1Te1,1.7,eV,,2
565,Ga2Te3,1.45,eV,Thermal activation,2
566,Ga1Bi1,0.1,eV,Estimated,1
567,Ge1O2,5.56,eV,Reflection,1
568,Ge1O2,5.54,eV,Absorption,2
569,Ge1O2,5.63,eV,Reflection,2
570,Ge1O2,6.0,eV,Absorption,2
571,Ge0.9355Si0.0645,1.042,eV,Electroreflection,2
572,Ge0.93Si0.07,1.042,eV,Electroreflection,2
573,Ge0.891Si0.109,1.126,eV,Electroreflection,2
574,Ge0.838Si0.162,1.319,eV,Electroreflection,2
575,Ge0.774Si0.226,1.5030000000000001,eV,Electroreflection,2
576,Ge0.653Si0.347,1.9140000000000001,eV,Electroreflection,2
577,Ge0.542Si0.458,2.238,eV,Electroreflection,2
578,Ge1S1,1.58,eV,Thermal activation,1
579,Ge1S2,3.54,eV,Absorption,1
580,Ge1S1,1.69,eV,Absorption,2
581,Ge1S1,1.77,eV,Absorption,2
582,Ge1S1,1.59,eV,Absorption,2
583,Ge1S1,1.68,eV,Absorption,2
584,Ge1S2,3.71,eV,Absorption,2
585,Ge,0.665,eV,Absorption,1
586,Ge,0.005,eV,Magnetoabsorption,1
587,Ge,0.7440000000000001,eV,Magnetoabsorption,2
588,Ge,0.7709999999999999,eV,Magnetoabsorption,2
589,Ge,0.735,eV,Absorption,2
590,Ge,0.889,eV,Magnetoabsorption,2
591,Ge,0.88,eV,Absorption,2
592,Ge,0.799,eV,Absorption,2
593,Ge,0.882,eV,Absorption,2
594,Ge,0.88,eV,Absorption,2
595,Ge1As1,0.65,eV,Absorption,1
596,Ge1As2,1.0,eV,Absorption,1
597,Ge1As2,1.45,eV,Absorption,1
598,Ge1As1,1.45,eV,Absorption,1
599,Ge1Se1,1.1,eV,Absorption,1
600,Ge1Se1,1.53,eV,Absorption,1
601,Ge1Se2,2.38,eV,Absorption,1
602,Ge1Se2,2.485,eV,Absorption,1
603,Ge1Se2,2.69,eV,Absorption,2
604,Ge1Se1,1.0,eV,Thermal activation,2
605,Ge1Se1,1.17,eV,Photoconduction,2
606,Ge1Sn1,0.8,eV,,1
607,Ge1Te1,0.84,eV,Absorption,1
608,Ge1Te2,0.3,eV,,1
609,Ge1Te1,0.8,eV,Absorption,2
610,Ge1Te1,0.33,eV,,2
611,Ge1Te1,0.77,eV,Absorption,2
612,Ge1Te1,0.7,eV,Absorption,2
613,Ge1I2,1.5,eV,Estimated,1
614,As2O3,4.0,eV,Absorption,1
615,As2O3,5.0,eV,Reflection,2
616,As2S3,2.43,eV,Absorption,1
617,As4S4,2.4,eV,Photoconduction,1
618,As2S5,2.48,eV,Absorption,1
619,As2S3,2.2,eV,,2
620,As2S3,3.0,eV,,2
621,As2S6,2.35,eV,Absorption,2
622,As2S3,2.57,eV,Absorption,2
623,As2S3,2.64,eV,Absorption,2
624,As2S3,2.45,eV,Absorption,2
625,As2S3,2.0,eV,Absorption,2
626,As2S3,2.062,eV,Absorption,2
627,As2S3,2.21,eV,Absorption,2
628,As2S3,2.23,eV,Absorption,2
629,As2S3,2.48,eV,Reflection,2
630,As2S3,2.56,eV,Absorption,2
631,As2S3,2.355,eV,Absorption,2
632,As2S3,2.365,eV,Absorption,2
633,As2S3,2.43,eV,Absorption,2
634,As2S5,2.62,eV,Absorption,2
635,As2S3,2.32,eV,Absorption,2
636,As2S3,1.89,eV,Absorption,2
637,As2S5,2.01,eV,Absorption,2
638,As2S3,2.1,eV,Absorption,2
639,As2S5,2.21,eV,Absorption,2
640,As2S3,2.32,eV,Absorption,2
641,As2S3,2.36,eV,Photoconduction,2
642,As2S3,2.74,eV,Absorption,2
643,As2S3,2.8,eV,Absorption,2
644,As,1.2,eV,Photoconduction,1
645,As,0.172,eV,Magnetoreflection,2
646,As,0.34600000000000003,eV,Magnetoreflection,2
647,As,1.07,eV,Reflection,2
648,As1Se1,1.01,eV,Absorption,1
649,As1Se1,1.42,eV,Absorption,1
650,As2Se3,1.77,eV,Reflection,1
651,As2Se3,1.8,eV,,2
652,As2Se3,1.81,eV,,2
653,As2Se3,1.85,eV,,2
654,As2Se3,2.0,eV,,2
655,As2Se3,1.63,eV,Absorption,2
656,As2Se3,1.5,eV,Absorption,2
657,As2Se3,1.7,eV,Absorption,2
658,As2Se3,1.7,eV,,2
659,As2Se3,1.73,eV,Absorption,2
660,As2Se3,1.1,eV,,2
661,As1Br3,2.6,eV,Absorption,1
662,As2Te3,0.48,eV,Absorption,1
663,As1Te1,0.74,eV,,1
664,As2Te3,0.58,eV,,2
665,As2Te3,1.1,eV,,2
666,As2Te3,0.62,eV,Absorption,2
667,As2Te3,0.9,eV,,2
668,As2Te3,1.0,eV,Absorption,2
669,As1I3,2.29,eV,Estimated,1
670,As1I3,2.54,eV,Absorption,2
671,SeS,1.9,eV,Absorption,1
672,Se,1.71,eV,Absorption,1
673,Se,1.72,eV,Absorption,1
674,Se,1.75,eV,Absorption,1
675,Se,1.81,eV,Absorption,2
676,Se,2.85,eV,,2
677,Se,2.01,eV,Absorption,2
678,Se,1.8,eV,Absorption,2
679,Se,2.3,eV,Absorption,2
680,Se,1.56,eV,Absorption,2
681,Se,1.7,eV,Absorption,2
682,Se,1.77,eV,Absorption,2
683,Se,1.98,eV,Absorption,2
684,Se,2.01,eV,Reflection,2
685,Se,2.14,eV,Photoconduction,2
686,Se,2.2,eV,Reflection,2
687,Se,1.85,eV,Absorption,2
688,Se,2.4,eV,Absorption,2
689,Se1Te1,0.64,eV,Absorption,1
690,Se3Te1,1.87,eV,Absorption,1
691,SeTe,0.561,eV,Absorption,2
692,Se1Te1,1.58,eV,Absorption,2
693,Rb1F1,10.4,eV,Absorption,1
694,Rb1Cl1,8.29,eV,Absorption,1
695,Rb1Cl1,8.5,eV,Absorption,2
696,Rb1Cl1,8.3,eV,Reflection,2
697,Rb1Cl1,8.1,eV,Absorption,2
698,Rb1Cl1,8.2,eV,Absorption,2
699,Rb1Br1,7.2,eV,Absorption,1
700,Rb1Br1,7.25,eV,Reflection,2
701,Rb1Br1,7.65,eV,Absorption,2
702,Rb1Br1,7.7,eV,Absorption,2
703,Rb3Sb1,1.0,eV,Absorption,1
704,Rb3Sb1,0.9,eV,Thermal activation,2
705,Rb3Sb1,1.0,eV,Absorption,2
706,Rb3Sb1,1.7,eV,Absorption,2
707,Rb2Te1,4.5,eV,Photoconduction,1
708,Rb1I1,5.83,eV,Absorption,1
709,Rb1I1,6.26,eV,Absorption,2
710,Rb1I1,6.37,eV,Photoconduction,2
711,Rb1I1,6.25,eV,Reflection,2
712,Rb1I1,6.05,eV,Absorption,2
713,Rb1I1,6.1,eV,Absorption,2
714,Rb1I1,6.1,eV,Absorption,2
715,Rb1I1,6.36,eV,Photoconduction,2
716,Sr1O1,5.77,eV,Absorption,1
717,Sr1O1,5.7,eV,Reflection,2
718,Sr1O1,1.16,eV,Thermal activation,2
719,Sr1S1,4.76,eV,Absorption,1
720,Sr1S1,4.8,eV,Absorption,2
721,Sr1Se1,4.42,eV,Absorption,1
722,Sr1Se1,4.45,eV,Absorption,2
723,Sr1Te1,3.73,eV,Absorption,1
724,Sr1Te1,3.77,eV,Absorption,2
725,Y1N1,1.9,eV,Absorption,1
726,Y2O3,5.6,eV,Absorption,1
727,Y2O3,1.46,eV,Thermal activation,2
728,ZrC,0.6,eV,Thermal activation,1
729,Zr6O1,0.18,eV,Thermal activation,1
730,Zr3O1,0.2,eV,Thermal activation,1
731,Zr1O2,4.99,eV,Reflection,1
732,Zr1O2,0.65,eV,Thermal activation,2
733,Zr1O2,0.56,eV,Thermal activation,2
734,Zr1S2,1.68,eV,Absorption,1
735,Zr1S2,2.75,eV,Reflection,1
736,Zr1S3,2.17,eV,Absorption,1
737,Zr1S3,2.28,eV,Photoconduction,2
738,Zr1S2,0.85,eV,Thermal activation,2
739,Zr1Se2,2.0,eV,Reflection,1
740,Zr1Se3,1.25,eV,Absorption,1
741,Nb1O2,0.25,eV,Thermal activation,1
742,Nb2O5,3.48,eV,Absorption,1
743,Nb2O5,1.65,eV,Thermal activation,2
744,Nb2O5,3.08,eV,Reflection,2
745,Nb2S3,0.12,eV,Thermal activation,1
746,Nb1Se2,1.4,eV,Reflection,1
747,Mo1O3,3.66,eV,Thermal activation,1
748,Mo1O3,3.23,eV,Absorption,1
749,Mo1O3,3.66,eV,Absorption,1
750,Mo1O3,2.8,eV,Absorption,1
751,Mo1O3,2.96,eV,Absorption,1
752,Mo1O3,3.54,eV,Thermal activation,1
753,Mo1O3,3.7,eV,Absorption,2
754,Mo1S2,1.89,eV,Absorption,1
755,Mo1S2,0.25,eV,Absorption,1
756,Mo1S2,1.935,eV,Absorption,2
757,Mo1S2,1.83,eV,Absorption,2
758,Mo1S2,0.8740000000000001,eV,Thermal activation,2
759,Mo1S2,1.0,eV,Thermal activation,2
760,Mo1Te2,0.83,eV,Absorption,1
761,Mo1Te2,1.02,eV,Absorption,2
762,Mo1Te2,1.08,eV,Absorption,2
763,Mo1Te2,1.82,eV,,2
764,Ru1P2,1.0,eV,Reflection,1
765,Ru1S2,1.8,eV,Reflection,1
766,Ru1As2,0.8,eV,Reflection,1
767,Ru1Se2,1.0,eV,Reflection,1
768,Ru1Sb2,0.3,eV,Thermal activation,1
769,Ru1Te2,0.25,eV,Thermal activation,1
770,Ru1Te2,0.25,eV,Thermal activation,2
771,Rh2S3,0.8,eV,Thermal activation,1
772,Rh1S3,1.5,eV,Absorption,1
773,Rh1Se2,0.6,eV,,1
774,Rh1Se3,0.7,eV,Absorption,1
775,Pd1O1,1.5,eV,Thermal activation,1
776,Pd1O1,0.6,eV,Reflection,2
777,Pd1P2,0.65,eV,Thermal activation,1
778,Pd1S1,0.5,eV,Thermal activation,1
779,Pd1S2,0.75,eV,Thermal activation,1
780,Pd1Se1,0.2,eV,Thermal activation,1
781,Pd1Se2,0.4,eV,Thermal activation,1
782,Pd1Te2,1.8,eV,,1
783,Ag1N3,3.9,eV,Photoconduction,1
784,Ag1N3,3.44,eV,Absorption,2
785,Ag2O1,1.2,eV,Photoconduction,1
786,Ag2O1,1.5,eV,Thermal activation,2
787,Ag2O1,1.591,eV,Absorption,2
788,Ag2O1,0.64,eV,Thermal activation,2
789,Ag2S1,1.03,eV,Photoconduction,1
790,Ag2S1,0.87,eV,Absorption,1
791,Ag2S1,1.23,eV,Photoconduction,2
792,Ag2S1,1.0,eV,Reflection,2
793,Ag1Cl1,3.25,eV,Absorption,1
794,Ag1Cl1,5.13,eV,Absorption,1
795,Ag1Cl1,3.22,eV,Absorption,2
796,Ag1Cl1,5.1,eV,Estimated,2
797,Ag1Cl1,3.2460000000000004,eV,Absorption,2
798,Ag1Cl1,3.25,eV,Absorption,2
799,Ag1Cl1,3.252,eV,Absorption,2
800,Ag1Cl1,3.22,eV,Absorption,2
801,Ag1Cl1,3.2260000000000004,eV,Absorption,2
802,Ag1Cl1,3.08,eV,Absorption,2
803,Ag2Se1,0.13,eV,Absorption,1
804,Ag2Se1,0.07,eV,Thermal activation,2
805,Ag2Se1,0.18,eV,Thermal activation,2
806,Ag2Se1,0.05,eV,,2
807,Ag2Se1,0.18,eV,,2
808,Ag1Br1,2.68,eV,Absorption,1
809,Ag1Br1,4.29,eV,Absorption,1
810,Ag1Br1,2.97,eV,Absorption,2
811,Ag1Br1,4.292,eV,Absorption,2
812,Ag1Br1,2.6830000000000003,eV,Absorption,2
813,Ag1Br1,2.69,eV,Absorption,2
814,Ag1Br1,2.6910000000000003,eV,Absorption,2
815,Ag1Br1,2.676,eV,Absorption,2
816,Ag1Br1,2.68,eV,Absorption,2
817,Ag1Br1,2.52,eV,Absorption,2
818,Ag1Br1,2.6,eV,Absorption,2
819,Ag2Te1,0.064,eV,Absorption,1
820,Ag1Te1,0.85,eV,Absorption,1
821,Ag2Te1,0.064,eV,,2
822,Ag2Te1,0.025,eV,,2
823,Ag2Te1,0.027999999999999997,eV,Thermal activation,2
824,Ag2Te1,0.13,eV,Thermal activation,2
825,Ag2Te1,0.28,eV,,2
826,Ag2Te1,0.85,eV,Reflection,2
827,Ag2Te1,0.064,eV,,2
828,Ag2Te1,0.67,eV,Absorption,2
829,Ag2Te1,0.2,eV,,2
830,Ag1I1,2.9189999999999996,eV,Absorption,2
831,Ag1I1,2.82,eV,Absorption,2
832,Cd1O1,1.2,eV,Absorption,1
833,Cd1O1,2.3,eV,Absorption,1
834,Cd1O1,2.35,eV,Reflection,2
835,Cd1F2,6.0,eV,,1
836,Cd1P2,1.55,eV,,1
837,Cd1P2,1.65,eV,,1
838,Cd1P2,1.92,eV,,1
839,Cd1P2,2.02,eV,Absorption,1
840,Cd3P2,0.52,eV,Thermal activation,1
841,Cd1P4,1.0,eV,Absorption,1
842,Cd3P2,0.58,eV,,2
843,Cd3P2,0.589,eV,,2
844,Cd3P2,0.586,eV,,2
845,Cd1P2,2.15,eV,Absorption,2
846,Cd3P2,0.55,eV,,2
847,Cd1P2,1.93,eV,Photoconduction,2
848,Cd1P4,1.15,eV,Thermal activation,2
849,Cd1S1,2.41,eV,Photoconduction,1
850,Cd1S1,2.425,eV,Photoconduction,1
851,Cd1S1,2.526,eV,,2
852,Cd1S1,2.582,eV,Reflection,2
853,Cd1S1,2.386,eV,,2
854,Cd1S1,2.582,eV,Absorption,2
855,Cd1S1,2.573,eV,Absorption,2
856,Cd1Cl2,5.7,eV,Reflection,1
857,Cd1Cl2,5.8,eV,,2
858,Cd1As2,1.0,eV,Absorption,1
859,Cd3As2,0.13,eV,Absorption,1
860,Cd1As2,1.04,eV,Absorption,2
861,Cd3As2,0.14,eV,,2
862,Cd1As2,0.89,eV,Absorption,2
863,Cd3As2,0.048,eV,Magnetoreflection,2
864,Cd3As2,0.425,eV,Thermal activation,2
865,Cd3As2,0.53,eV,Photoconduction,2
866,Cd1Sc1,1.714,eV,Photoconduction,1
867,Cd1Se1,1.8159999999999998,eV,Photoconduction,2
868,Cd1Se1,1.83,eV,Photoconduction,2
869,Cd1Se1,1.84,eV,Absorption,2
870,Cd1Se1,1.865,eV,Absorption,2
871,Cd1Se1,1.815,eV,Photoconduction,2
872,Cd1Se1,1.821,eV,Photoconduction,2
873,Cd1Se1,1.733,eV,Photoconduction,2
874,Cd1Br2,4.47,eV,Reflection,1
875,Cd1In1,0.6,eV,Estimated,1
876,Cd1Sb1,0.45,eV,Absorption,1
877,Cd4Sb3,1.25,eV,Absorption,1
878,Cd1Sb1,0.535,eV,,2
879,Cd1Sb1,0.57,eV,Thermal activation,2
880,Cd1Sb1,0.585,eV,Absorption,2
881,Cd1Sb1,0.428,eV,Photoconduction,2
882,Cd1Sb1,0.43,eV,Absorption,2
883,Cd1Sb1,0.45,eV,Absorption,2
884,Cd1Sb1,0.465,eV,Absorption,2
885,Cd1Sb1,0.7,eV,Absorption,2
886,Cd1Te1,1.517,eV,Electroreflection,1
887,Cd1Te1,1.595,eV,Electroreflection,2
888,Cd1Te1,1.594,eV,Electroreflection,2
889,Cd1Te1,1.58,eV,Thermal activation,2
890,Cd1I2,3.266,eV,Absorption,1
891,Cd1I2,3.8569999999999998,eV,Absorption,1
892,Cd1I2,3.478,eV,Absorption,2
893,Cd1I2,3.8,eV,Photoconduction,2
894,Cd1I2,4.228,eV,Absorption,2
895,Cd1I2,3.2,eV,Photoconduction,2
896,Cd1I2,3.19,eV,Absorption,2
897,Cd1I2,3.2,eV,Photoconduction,2
898,Cd1I2,6.25,eV,Absorption,2
899,Cd1I2,3.26,eV,Reflection,2
900,Cd3Bi2,0.2,eV,Estimated,1
901,In1N1,2.4,eV,Estimated,1
902,In2O3,2.6189999999999998,eV,Absorption,1
903,In2O3,3.75,eV,Absorption,1
904,In2O3,2.8,eV,Reflection,2
905,In2O3,3.55,eV,Absorption,2
906,In1P1,1.351,eV,Absorption,1
907,In1P1,1.413,eV,Absorption,2
908,In1P1,1.34,eV,Electroreflection,2
909,In1P1,1.45,eV,Absorption,2
910,In1P1,1.41,eV,,2
911,In2S3,1.1,eV,Thermal activation,1
912,In2S3,2.03,eV,Absorption,1
913,In1S1,1.86,eV,Thermal activation,1
914,In4S5,0.9,eV,Photoconduction,1
915,In2S3,2.28,eV,,2
916,In1As1,0.35600000000000004,eV,Magnetoabsorption,1
917,In1AsI,0.41,eV,,2
918,In1As1,0.41,eV,Magnetoabsorption,2
919,In1As1,0.409,eV,Magnetoabsorption,2
920,In1As1,0.41200000000000003,eV,,2
921,In1As1,0.40399999999999997,eV,Magnetoabsorption,2
922,In1As1,0.33,eV,Absorption,2
923,In1Se1,1.187,eV,Absorption,1
924,In1Se1,1.2930000000000001,eV,Absorption,1
925,In2Se1,0.65,eV,Absorption,1
926,In2Se1,0.828,eV,Absorption,1
927,In2Se3,1.2,eV,Absorption,1
928,In1Se1,1.285,eV,Absorption,2
929,In1Se1,1.357,eV,Absorption,2
930,In1Se1,1.12,eV,Absorption,2
931,In1Se1,1.19,eV,Reflection,2
932,In1Se1,2.42,eV,Absorption,2
933,In1Se1,1.05,eV,Absorption,2
934,In1Sb1,0.17,eV,Absorption,1
935,In1Sb1,0.235,eV,Magnetoabsorption,2
936,In1Sb1,0.23600000000000002,eV,Absorption,2
937,In1Sb1,0.175,eV,Absorption,2
938,In1Sb1,0.23399999999999999,eV,,2
939,In1Sb1,0.23600000000000002,eV,,2
940,In2Te3,0.84,eV,Reflection,1
941,In2Te3,1.12,eV,Reflection,1
942,In2Te3,1.15,eV,Thermal activation,2
943,In2Te3,1.11,eV,Absorption,2
944,In2Te3,0.85,eV,Absorption,2
945,In2Te3,1.026,eV,Thermal activation,2
946,In2Te3,1.09,eV,Absorption,2
947,In2Te3,1.0,eV,,2
948,Sn1O2,2.7,eV,Absorption,1
949,Sn1O2,4.3,eV,Absorption,1
950,Sn1O2,3.6310000000000002,eV,Absorption,2
951,Sn1O2,3.947,eV,Absorption,2
952,Sn1O2,3.597,eV,Absorption,2
953,Sn1O2,2.6,eV,,2
954,Sn1O2,2.45,eV,Absorption,2
955,Sn1O2,2.55,eV,Absorption,2
956,Sn1O2,3.54,eV,Absorption,2
957,Sn1O2,3.57,eV,Reflection,2
958,Sn1O2,3.69,eV,Absorption,2
959,Sn1O2,3.7,eV,Absorption,2
960,Sn1O2,3.71,eV,Absorption,2
961,Sn1O2,3.93,eV,Reflection,2
962,Sn1O2,4.1,eV,Absorption,2
963,Sn1O2,3.9,eV,Reflection,2
964,Sn1S2,2.07,eV,Absorption,1
965,Sn1S2,2.88,eV,Absorption,1
966,Sn1S1,1.08,eV,Absorption,1
967,Sn1S2,2.21,eV,Absorption,2
968,Sn1S2,2.6,eV,Reflection,2
969,Sn1S1,1.3,eV,Reflection,2
970,Sn1Cl2,3.9,eV,Reflection,1
971,Sn1Se2,1.97,eV,Reflection,1
972,Sn1Se2,1.03,eV,Absorption,1
973,Sn1Se1,0.91,eV,Absorption,1
974,Sn1Se1,1.2,eV,Absorption,1
975,Sn1Se2,0.98,eV,Absorption,2
976,Sn1Se1,0.9,eV,Absorption,2
977,Sn1Se2,0.97,eV,Absorption,2
978,Sn1Se2,1.0,eV,Absorption,2
979,Sn1Se2,1.0,eV,Thermal activation,2
980,Sn1Se2,1.3,eV,Absorption,2
981,Sn1Se2,1.62,eV,Absorption,2
982,Sn1Br2,3.4,eV,Reflection,1
983,Sn1Br2,3.5,eV,Absorption,2
984,Sn,0.075,eV,Absorption,1
985,Sn,0.092,eV,,2
986,Sn,0.08,eV,Photoconduction,2
987,Sn1Te1,0.18,eV,Absorption,1
988,Sn1Te1,0.33,eV,,2
989,Sn1Te1,0.36,eV,Absorption,2
990,Sn1Te1,0.3,eV,Thermal activation,2
991,Sn1Te1,0.26,eV,Absorption,2
992,Sn1I4,2.38,eV,Absorption,1
993,Sn1I2,2.4,eV,Reflection,1
994,Sb2O3,3.31,eV,Reflection,1
995,Sb2O3,3.2,eV,Reflection,2
996,Sb2O3,4.2,eV,Photoconduction,2
997,Sb1Si1,1.9,eV,Thermal activation,1
998,Sb1Si1,1.9,eV,,2
999,Sb2S3,1.7,eV,Absorption,1
1000,Sb2S3,1.72,eV,Absorption,2
1001,Sb2S3,1.63,eV,Absorption,2
1002,Sb2S3,1.67,eV,Absorption,2
1003,Sb2S3,1.69,eV,Absorption,2
1004,Sb2S3,1.7,eV,Absorption,2
1005,Sb2S3,1.71,eV,Absorption,2
1006,Sb2S3,1.7,eV,,2
1007,Sb2S3,1.92,eV,Reflection,2
1008,Sb0.605As0.395,0.009000000000000001,eV,Thermal activation,1
1009,Sb0.71As0.29,0.125,eV,Thermal activation,2
1010,Sb2Se3,1.2,eV,Absorption,1
1011,Sb2Se3,1.4,eV,,2
1012,Sb2Se3,1.1,eV,Absorption,2
1013,Sb2Se3,1.15,eV,Absorption,2
1014,Sb,0.1,eV,Reflection,1
1015,Sb,0.10099999999999999,eV,Reflection,2
1016,Sb2Te3,0.3,eV,Absorption,1
1017,Sb2Te3,0.3,eV,Reflection,2
1018,Sb2Te3,0.3,eV,,2
1019,Sb1I3,2.22,eV,Estimated,1
1020,Sb1I3,2.12,eV,Absorption,2
1021,Sb1I3,2.49,eV,Absorption,2
1022,Te1O2,3.0,eV,Photoconduction,1
1023,Te,0.332,eV,Absorption,1
1024,Te,0.35,eV,,2
1025,Te,0.33399999999999996,eV,Magnetoabsorption,2
1026,Te,0.335,eV,Absorption,2
1027,Te,0.33399999999999996,eV,Magnetoabsorption,2
1028,Te,0.337,eV,Absorption,2
1029,Te,0.33399999999999996,eV,,2
1030,Te,0.336,eV,Absorption,2
1031,Te,0.34299999999999997,eV,Absorption,2
1032,Te,0.32,eV,Absorption,2
1033,Te,0.32,eV,Absorption,2
1034,Te,0.33,eV,Thermal activation,2
1035,Te1I1,1.1,eV,Thermal activation,1
1036,I,1.3,eV,Absorption,1
1037,I,1.68,eV,Absorption,2
1038,I,1.6,eV,Thermal activation,2
1039,I,1.5,eV,Absorption,2
1040,Cs1F1,10.0,eV,Absorption,1
1042,Cs1Cl1,8.1,eV,Absorption,1
1043,Cs1Cl1,7.8,eV,Absorption,2
1044,Cs1Cl1,7.4,eV,Estimated,2
1045,Cs3As1,0.6,eV,,1
1046,Cs1Br1,7.18,eV,Estimated,1
1047,Cs1Br1,6.9,eV,Estimated,2
1048,Cs1Br1,6.8,eV,Absorption,2
1049,Cs3Sb1,1.6,eV,Absorption,1
1050,Cs3Sb1,1.6,eV,,2
1051,Cs3Sb1,1.6,eV,,2
1052,Cs3Sb1,1.6,eV,,2
1053,Cs3Sb1,2.25,eV,Absorption,2
1054,Cs2Te1,3.5,eV,,1
1055,Cs1I1,6.37,eV,Absorption,1
1056,Cs1I1,6.3,eV,Absorption,2
1057,Cs1I1,6.4,eV,,2
1058,Cs1I1,6.2,eV,Estimated,2
1059,Cs1Bi2,0.55,eV,Absorption,1
1060,Cs3Bi1,0.55,eV,Absorption,1
1061,Cs3Bi1,0.7,eV,Absorption,2
1062,Ba1O1,5.13,eV,Estimated,1
1063,Ba1O1,3.8,eV,Absorption,2
1064,Ba1O1,4.8,eV,Absorption,2
1065,Ba1F2,9.06,eV,Absorption,1
1066,Ba1S1,3.88,eV,Absorption,1
1067,Ba1S1,3.9,eV,Absorption,2
1068,Ba1Se1,3.6,eV,Absorption,1
1069,Ba1Se1,3.58,eV,Absorption,2
1070,Ba1Te1,3.4,eV,Estimated,1
1072,La1B6,0.08,eV,Reflection,1
1073,La1B6,4.9,eV,Reflection,2
1074,La1B6,4.1,eV,Absorption,2
1075,La2O3,1.05,eV,Thermal activation,1
1076,La2O3,2.86,eV,,2
1077,La1F3,6.6,eV,Absorption,1
1078,La2S3,1.32,eV,Thermal activation,1
1080,La2Se3,1.97,eV,Reflection,1
1081,La2Se3,1.7,eV,Thermal activation,2
1082,La1Sb1,0.8,eV,Absorption,1
1083,La2Te3,0.1,eV,Thermal activation,1
1084,La3Te4,0.43,eV,Thermal activation,1
1085,Ce1N1,0.7,eV,Estimated,1
1086,Ce1O2,2.68,eV,Thermal activation,1
1087,Ce1O2,2.0,eV,,2
1088,Ce1O2,5.5,eV,Absorption,2
1089,Ce1O2,1.1,eV,Thermal activation,2
1090,Ce1F3,4.85,eV,Absorption,1
1091,Ce2S3,1.12,eV,,1
1092,Ce2Se3,1.75,eV,Reflection,1
1093,Ce2Se3,1.62,eV,Thermal activation,2
1094,Ce2Se3,2.0,eV,Thermal activation,2
1095,Ce2Te3,1.4,eV,Thermal activation,1
1096,Pr1B6,4.9,eV,Reflection,1
1097,Pr1O2,0.66,eV,Thermal activation,1
1098,Pr2O3,0.84,eV,Thermal activation,1
1099,Pr1O2,0.88,eV,,2
1100,PrO,0.55,eV,Thermal activation,2
1101,Pr1F3,5.9,eV,Absorption,1
1102,Pr1F3,5.3,eV,Absorption,2
1103,Pr1As1,1.0,eV,Absorption,1
1104,Pr2Se3,1.8,eV,Reflection,1
1105,Pr2Se3,1.9,eV,Thermal activation,2
1106,Pr1Sb1,0.66,eV,Absorption,1
1107,Pr1Te2,1.02,eV,Absorption,1
1108,Pr1Te2,1.288,eV,Absorption,1
1109,Pr2Te3,1.3,eV,Absorption,1
1110,Nd1B6,4.9,eV,Reflection,1
1111,Nd1B6,3.4,eV,Absorption,2
1112,Nd1B6,4.0,eV,Absorption,2
1113,Nd2O3,0.97,eV,Thermal activation,1
1114,Nd1F3,6.15,eV,Absorption,1
1115,Nd2S3,3.0,eV,Thermal activation,1
1116,Nd1As1,1.04,eV,Absorption,1
1117,Nd2Se3,1.7,eV,Reflection,1
1118,Nd2Te5,0.29,eV,Thermal activation,1
1119,Nd1Te2,0.3,eV,Thermal activation,1
1120,Nd4Te7,0.38,eV,Thermal activation,1
1121,Nd2Te3,1.12,eV,Thermal activation,1
1122,Nd1Te2,0.48,eV,,2
1123,Sm1B6,4.9,eV,Reflection,1
1124,Sm2O3,1.17,eV,Thermal activation,1
1125,Sm2O3,2.27,eV,,2
1126,Sm1P1,1.09,eV,Absorption,1
1127,Sm1S1,0.22,eV,Thermal activation,1
1128,Sm2S3,3.0,eV,Reflection,1
1129,Sm1S1,0.2,eV,Absorption,2
1130,Sm2S3,3.0,eV,Thermal activation,2
1131,Sm1As1,1.03,eV,Absorption,1
1132,Sm1Se1,0.46,eV,Absorption,1
1133,Sm2Se3,2.3,eV,Reflection,1
1134,Sm2Se3,2.3,eV,Thermal activation,2
1135,Sm1Sb1,0.59,eV,Absorption,1
1136,Sm1Te1,0.62,eV,Absorption,1
1137,Eu1N1,1.25,eV,Thermal activation,1
1138,Eu1N1,1.47,eV,Estimated,2
1139,Eu1O1,1.122,eV,Absorption,1
1140,Eu3O4,0.6,eV,Thermal activation,1
1141,Eu2O3,1.7,eV,Thermal activation,1
1142,Eu1O1,1.115,eV,Reflection,2
1143,Eu1O1,1.1,eV,Thermal activation,2
1144,Eu1O1,4.3,eV,Photoconduction,2
1145,Eu2O3,1.84,eV,Thermal activation,2
1146,Eu3P2,1.2,eV,Absorption,1
1147,Eu1S1,1.645,eV,Absorption,1
1148,Eu3S4,0.163,eV,Thermal activation,1
1149,Eu1S1,1.645,eV,Absorption,2
1150,Eu1S1,1.65,eV,Reflection,2
1151,Eu1S1,1.69,eV,Absorption,2
1152,Eu1S1,3.1,eV,Absorption,2
1153,Eu3As2,0.6,eV,Thermal activation,1
1154,Eu1Se1,1.78,eV,Reflection,1
1155,Eu1Se1,1.78,eV,Absorption,2
1156,Eu1Se1,1.78,eV,Reflection,2
1157,Eu1Se1,1.8,eV,Photoconduction,2
1158,Eu1Se1,1.87,eV,Absorption,2
1159,Eu1Se1,3.1,eV,Absorption,2
1160,Eu1Te1,1.959,eV,Absorption,1
1161,Eu1Te1,2.0,eV,Reflection,2
1162,Eu1Te1,2.0,eV,Absorption,2
1163,Gd1B6,3.6,eV,Absorption,1
1164,Gd1N1,1.54,eV,Absorption,1
1165,Gd2O3,1.36,eV,Thermal activation,1
1166,Gd2O3,2.9,eV,Thermal activation,2
1167,Gd1As1,0.63,eV,Absorption,1
1168,Gd1Te1,1.3,eV,,1
1169,Tb1O2,0.5,eV,Thermal activation,1
1170,Tb2O3,0.95,eV,Thermal activation,1
1171,Tb4O7,0.4,eV,Thermal activation,1
1172,Tb2O3,0.86,eV,,2
1174,Dy1B6,3.3,eV,Absorption,1
1175,Dy1N1,2.6,eV,Absorption,1
1176,Dy1N1,2.1,eV,Absorption,2
1177,Dy2O3,3.08,eV,Thermal activation,1
1178,Dy2O3,1.39,eV,,2
1179,Dy2S3,2.91,eV,Absorption,1
1180,Dy2S3,3.0,eV,Thermal activation,2
1181,Dy1As1,1.0,eV,Absorption,1
1182,Ho1N1,1.79,eV,Absorption,1
1183,Ho1N1,1.9,eV,Absorption,2
1184,Ho2O3,2.84,eV,Thermal activation,1
1185,Er1B6,3.5,eV,Absorption,1
1186,Er1N1,2.4,eV,Absorption,1
1187,Er1N1,3.0,eV,Absorption,2
1188,Er2O3,3.26,eV,Thermal activation,1
1189,Er2O3,1.4,eV,,2
1190,Er1Se2,1.07,eV,Thermal activation,1
1191,Er2Se3,1.66,eV,Thermal activation,1
1192,Er3Te4,0.9,eV,Thermal activation,1
1193,Er1Te1,0.9,eV,Thermal activation,1
1194,Er2Te3,0.9,eV,Thermal activation,1
1195,Tm1As1,1.18,eV,Absorption,1
1196,Yb2O3,2.99,eV,Thermal activation,1
1197,Yb2O3,1.53,eV,Thermal activation,2
1198,YbS,0.33,eV,Thermal activation,1
1199,YbS,0.17600000000000002,eV,Thermal activation,2
1200,Yb1As1,1.02,eV,Absorption,1
1201,Yb1Sb1,1.0,eV,Absorption,1
1202,Lu2O3,3.94,eV,Thermal activation,1
1203,Hf1O2,5.55,eV,,1
1204,Hf1S2,1.96,eV,Absorption,1
1205,Hf1S3,2.8,eV,Absorption,1
1206,Hf1S2,2.9,eV,Reflection,1
1207,Hf1S3,2.85,eV,Photoconduction,2
1208,Hf1Se2,1.13,eV,Absorption,1
1209,Hf1Se2,2.2,eV,Reflection,1
1210,TaN,2.3,eV,Absorption,1
1211,Ta2O5,4.6,eV,Photoconduction,1
1212,Ta1S2,0.1,eV,Thermal activation,1
1213,W1O3,2.8,eV,,1
1214,W1O3,2.7,eV,Absorption,2
1215,W1O3,2.9,eV,,2
1216,W1S2,1.1,eV,,1
1217,W1S2,0.45,eV,Thermal activation,2
1218,W1Se2,1.35,eV,Absorption,1
1219,W1Se2,1.49,eV,,2
1220,W1Se2,1.45,eV,Absorption,2
1221,W1Se2,1.35,eV,,2
1222,W1Se2,1.57,eV,Absorption,2
1223,W1Te2,0.05,eV,Thermal activation,1
1224,W1Te2,0.075,eV,Thermal activation,2
1225,Re1O3,2.3,eV,Reflection,1
1226,Re1Si2,0.12,eV,Thermal activation,1
1227,Re1S2,1.1,eV,Photoconduction,1
1228,Re1Se2,0.99,eV,Thermal activation,1
1229,Os1P2,1.2,eV,Reflection,1
1230,Os1S2,2.0,eV,Reflection,1
1231,Os1As2,0.9,eV,Reflection,1
1232,Os1Sb2,0.2,eV,Thermal activation,1
1233,Os1Te2,0.3,eV,Thermal activation,1
1234,Ir1S2,0.9,eV,Absorption,1
1235,Ir1Se2,1.0,eV,Absorption,1
1236,Pt1O2,0.2,eV,Thermal activation,1
1237,Pt1P2,0.8,eV,Thermal activation,1
1238,Pt1P2,0.6,eV,Thermal activation,2
1239,Pt1S1,0.8,eV,Absorption,1
1240,Pt1S2,0.75,eV,,1
1241,Pt1As2,0.55,eV,Thermal activation,1
1242,Pt1As2,0.5,eV,Thermal activation,2
1243,Pt1Se2,0.1,eV,,1
1244,Pt1Sb2,0.11,eV,Absorption,1
1245,Pt1Sb2,0.11,eV,,2
1246,Pt1Sb2,0.11199999999999999,eV,,2
1247,Pt1Sb2,0.11,eV,Absorption,2
1248,Pt1Sb2,0.07,eV,,2
1250,Hg1O1,2.48,eV,Reflection,1
1251,Hg1O1,2.214,eV,Reflection,2
1252,Hg1O1,1.02,eV,Thermal activation,2
1253,Hg1O1,1.18,eV,Thermal activation,2
1254,Hg1S1,0.54,eV,Absorption,1
1255,Hg1S1,1.9980000000000002,eV,Absorption,1
1256,Hg1S1,2.1830000000000003,eV,Absorption,2
1257,Hg1S1,2.16,eV,Absorption,2
1258,Hg1S1,2.095,eV,Estimated,2
1259,Hg1S1,0.7,eV,Reflection,2
1260,Hg1S1,2.21,eV,Reflection,2
1261,Hg2Cl2,3.5,eV,Reflection,1
1262,Hg2Cl2,3.8,eV,Reflection,2
1263,Hg2Cl2,2.84,eV,Absorption,2
1264,Hg1Cl2,4.45,eV,Absorption,2
1265,Hg1Se1,0.24,eV,Magnetoreflection,1
1266,Hg1Se1,0.6,eV,Reflection,2
1267,Hg1Se1,0.07,eV,,2
1268,Hg1Se1,0.1,eV,Thermal activation,2
1269,Hg2Br2,2.6,eV,Absorption,1
1270,Hg1Br2,3.59,eV,Absorption,1
1271,Hg1Te1,0.175,eV,Thermal activation,1
1272,Hg1Te1,0.303,eV,Magnetoreflection,2
1273,Hg1Te1,0.266,eV,Magnetoreflection,2
1274,Hg1Te1,0.28300000000000003,eV,Magnetoreflection,2
1275,Hg1Te1,0.15,eV,Reflection,2
1276,Hg1Te1,0.19,eV,,2
1277,Hg1I2,2.13,eV,Reflection,1
1278,Hg1I2,2.33,eV,,2
1279,Hg1I2,2.47,eV,,2
1280,Hg1I2,2.322,eV,Absorption,2
1281,Hg1I2,2.29,eV,Electroreflection,2
1282,Hg1I2,2.29,eV,Reflection,2
1283,Hg1I2,3.045,eV,Reflection,2
1284,Hg1I2,2.795,eV,Reflection,2
1285,Hg1I2,2.095,eV,Photoconduction,2
1286,Hg1I2,2.11,eV,Absorption,2
1287,Hg1I2,2.35,eV,Absorption,2
1288,Hg1I2,2.315,eV,Reflection,2
1289,Hg1I2,2.19,eV,Absorption,2
1290,Hg2I2,2.37,eV,Absorption,2
1291,Tl1N3,3.58,eV,Absorption,1
1292,Tl2O3,1.4,eV,Absorption,1
1293,Tl2O3,2.25,eV,Absorption,1
1294,Tl1S1,1.36,eV,Reflection,1
1295,Tl1S1,0.98,eV,Thermal activation,2
1296,Tl2S1,0.59,eV,Photoconduction,2
1297,Tl2S1,0.19,eV,Photoconduction,2
1298,Tl1Cl1,3.56,eV,Absorption,1
1299,Tl1Cl1,3.468,eV,Absorption,2
1300,Tl1Cl1,3.46,eV,Absorption,2
1301,Tl1Cl1,3.5,eV,Absorption,2
1302,Tl1Se1,0.73,eV,Absorption,1
1303,Tl1Se1,0.57,eV,,2
1304,Tl1Se1,0.96,eV,Absorption,2
1305,Tl1Se1,0.67,eV,Photoconduction,2
1306,Tl1Se1,0.7,eV,Absorption,2
1307,Tl1Se1,0.84,eV,Thermal activation,2
1308,Tl1Se1,0.74,eV,Reflection,2
1309,Tl1Br1,3.05,eV,Reflection,1
1310,Tl1Br1,3.115,eV,Absorption,2
1311,Tl1Br1,3.073,eV,Absorption,2
1312,Tl1Br1,3.1,eV,Absorption,2
1313,Tl2Te3,0.7,eV,Absorption,1
1314,Tl2Te1,0.5,eV,Thermal activation,1
1315,Tl2Te3,0.69,eV,Thermal activation,2
1316,Tl2Te3,0.48,eV,Thermal activation,2
1317,Tl2Te3,0.2,eV,Thermal activation,2
1318,Tl1I1,2.67,eV,Absorption,1
1319,Tl1I1,2.88,eV,Absorption,2
1320,Pb1N6,3.02,eV,Absorption,1
1321,Pb1N6,2.98,eV,Photoconduction,2
1322,Pb1O1,1.936,eV,Absorption,1
1323,Pb1O1,2.76,eV,Absorption,1
1324,Pb1O1,2.84,eV,Absorption,1
1325,Pb2O3,1.67,eV,Absorption,1
1326,Pb1O2,1.7,eV,,1
1327,Pb1O2,2.0,eV,,1
1328,Pb3O4,2.12,eV,Absorption,1
1329,Pb1O1,2.88,eV,Absorption,2
1330,Pb1O1,2.86,eV,Absorption,2
1331,Pb1O1,2.66,eV,Absorption,2
1332,Pb1O1,2.73,eV,Absorption,2
1333,Pb1O2,1.4,eV,Absorption,2
1334,Pb1O2,1.45,eV,Absorption,2
1335,Pb1O2,1.5,eV,,2
1336,Pb1O1,2.0,eV,Absorption,2
1337,Pb1O2,2.0,eV,,2
1338,Pb1O1,2.6,eV,Absorption,2
1339,Pb1O1,2.73,eV,Reflection,2
1340,Pb1O1,3.18,eV,,2
1341,Pb1O1,3.36,eV,,2
1342,Pb1S1,0.41,eV,Reflection,1
1343,Pb1S1,0.28600000000000003,eV,Magnetoabsorption,2
1344,Pb1S1,0.307,eV,Magnetoabsorption,2
1345,Pb1S1,0.285,eV,Reflection,2
1346,Pb1S1,0.44,eV,Reflection,2
1347,Pb1S1,0.281,eV,,2
1348,Pb1S1,0.3,eV,,2
1349,Pb1S1,0.37,eV,Absorption,2
1350,Pb1S1,0.41,eV,Absorption,2
1351,Pb1S1,0.307,eV,Magnetoabsorption,2
1352,Pb1Cl2,3.82,eV,Absorption,1
1353,Pb1Cl2,3.94,eV,Absorption,2
1354,Pb1Cl2,4.1,eV,Reflection,2
1355,Pb1Se1,0.27,eV,Reflection,1
1356,Pb1Se1,0.165,eV,Magnetoabsorption,2
1357,Pb1Se1,0.165,eV,Magnetoabsorption,2
1358,Pb1Se1,0.165,eV,Absorption,2
1359,Pb1Se1,0.17600000000000002,eV,Magnetoabsorption,2
1360,Pb1Se1,0.17600000000000002,eV,Magnetoabsorption,2
1361,Pb1Se1,0.26,eV,Absorption,2
1362,Pb1Se1,0.27,eV,Reflection,2
1363,Pb1Se1,0.275,eV,Absorption,2
1364,Pb1Se1,0.29,eV,Absorption,2
1365,Pb1Se1,0.31,eV,Reflection,2
1366,Pb1Se1,0.14,eV,,2
1367,Pb1Br2,3.2,eV,Absorption,1
1368,Pb1Br2,3.5,eV,Absorption,2
1369,Pb1Br2,3.23,eV,Absorption,2
1370,Pb1Br2,3.31,eV,Reflection,2
1371,Pb1Te1,0.31,eV,Reflection,1
1372,Pb1Te1,0.185,eV,Photoconduction,2
1373,Pb1Te1,0.19,eV,Absorption,2
1374,Pb1Te1,0.19,eV,Magnetoabsorption,2
1375,Pb1Te1,0.21,eV,Reflection,2
1376,Pb1Te1,0.21,eV,Photoconduction,2
1377,Pb1Te1,0.217,eV,Magnetoabsorption,2
1378,Pb1Te1,0.19,eV,Reflection,2
1379,Pb1Te1,0.29,eV,Reflection,2
1380,Pb1Te1,0.31,eV,Photoconduction,2
1381,Pb1Te1,0.34,eV,Reflection,2
1382,Pb1Te1,0.191,eV,,2
1383,Pb1Te1,0.29,eV,Absorption,2
1384,Pb1Te1,0.32,eV,Absorption,2
1385,Pb1I2,2.32,eV,Absorption,1
1386,Pb1I2,2.41,eV,,2
1387,Pb1I2,2.535,eV,,2
1388,Pb1I2,3.01,eV,Absorption,2
1389,Pb1I2,2.32,eV,Absorption,2
1390,Pb1I2,2.36,eV,Reflection,2
1391,Bi2O3,2.6,eV,Absorption,1
1392,Bi2O3,2.91,eV,Absorption,1
1393,Bi2O3,3.1,eV,Absorption,2
1394,Bi2O3,2.15,eV,Thermal activation,2
1395,Bi2O3,2.58,eV,Photoconduction,2
1396,Bi2O3,2.85,eV,Absorption,2
1397,Bi2O3,2.86,eV,Reflection,2
1398,Bi2O3,2.07,eV,Thermal activation,2
1399,Bi2O3,2.85,eV,Photoconduction,2
1401,Bi2S3,1.2,eV,Absorption,1
1402,Bi2S3,1.4,eV,Absorption,2
1403,Bi2S3,1.3,eV,Absorption,2
1404,Bi2S3,0.72,eV,Thermal activation,2
1405,Bi2S3,1.3,eV,Absorption,2
1406,Bi2Se3,0.21,eV,Absorption,1
1407,Bi2Se3,0.4,eV,Absorption,2
1408,Bi2Se3,0.35,eV,Absorption,2
1409,Bi2Se3,0.35,eV,Absorption,2
1410,Bi2Se3,0.161,eV,Absorption,2
1411,Bi1Br3,2.66,eV,Absorption,1
1412,Bi1Sb1,0.023,eV,Magnetoreflection,2
1413,Bi0.85Sb0.15,0.008,eV,,2
1414,Bi0.97Sb0.03,0.022000000000000002,eV,,2
1415,Bi0.9Sb0.1,0.024,eV,,2
1416,Bi0.85Sb0.15,0.006999999999999999,eV,Thermal activation,2
1417,Bi0.92Sb0.08,0.006999999999999999,eV,Thermal activation,2
1418,Bi0.7Sb0.3,0.008,eV,Thermal activation,2
1419,Bi0.85Sb0.15,0.01,eV,Thermal activation,2
1420,Bi0.91Sb0.09,0.01,eV,Thermal activation,2
1421,Bi0.92Sb0.08,0.011000000000000001,eV,Thermal activation,2
1422,Bi0.9Sb0.1,0.012,eV,Thermal activation,2
1423,Bi0.9Sb0.1,0.013999999999999999,eV,Magnetoreflection,2
1424,Bi0.88Sb0.12,0.013999999999999999,eV,Thermal activation,2
1425,Bi0.9Sb0.1,0.015,eV,Thermal activation,2
1426,Bi0.87Sb0.13,0.018000000000000002,eV,Thermal activation,2
1427,Bi1Sb0.15,0.022000000000000002,eV,Magnetoreflection,2
1428,Bi2Te3,0.145,eV,Absorption,1
1429,Bi2Te3,0.15,eV,,2
1430,Bi2Te3,0.13,eV,Absorption,2
1431,Bi2Te3,0.14,eV,Thermal activation,2
1432,Bi2Te3,0.16,eV,,2
1433,Bi2Te3,0.15,eV,Absorption,2
1434,Bi2Te3,0.153,eV,Thermal activation,2
1435,Bi2Te3,0.171,eV,Thermal activation,2
1436,Bi2Te3,0.2,eV,,2
1437,Bi1I3,1.73,eV,Absorption,1
1438,Bi1I3,2.195,eV,,1
1439,Bi1I3,2.03,eV,Absorption,2
1440,Bi1I3,2.029,eV,Absorption,2
1441,Bi1I3,1.922,eV,Absorption,2
1442,Bi1I3,1.81,eV,Absorption,2
1443,Bi1I3,1.93,eV,Absorption,2
1444,Bi1I3,2.52,eV,,2
1445,Bi,0.015,eV,Magnetoreflection,1
1446,Bi,0.024,eV,Magnetoabsorption,2
1447,Bi,0.006,eV,Thermal activation,2
1448,Th1O2,5.75,eV,,1
1449,Th1O2,3.5,eV,Absorption,1
1450,Th1O2,2.56,eV,Thermal activation,2
1451,Th1O2,3.3,eV,Absorption,2
1452,Th1O2,5.02,eV,Absorption,2
1453,Th1O2,3.2,eV,,2
1454,Th1O2,3.3,eV,Reflection,2
1455,UO,1.5,eV,Thermal activation,1
1456,U1O2,2.18,eV,Absorption,1
1457,UO,0.6,eV,Thermal activation,2
1458,U1O2,1.3,eV,Thermal activation,2
